{
    "TMH": [
      38.985163, -76.939094
    ],
    "YDH": [
      38.991040, -76.944973
    ],
    "EAF": [
      38.99044373586307, -76.93839354419661
    ],
    "HBK": [
      38.98819579904947,
      -76.94155045800521
    ],
    "ANA": [
      38.98598385339558,
      -76.94673743824603
    ],
    "COL": [
      38.987869021124915,
      -76.9464036585708
    ],
    "PFR": [
      38.983115742496224,
      -76.94578361396702
    ],
    "EGR": [
      38.988927755507866,
      -76.93797444958346
    ],
    "PSC": [
      38.990949223580486,
      -76.94151426893785
    ],
    "JMZ": [
      38.98687794897486,
      -76.94460296333745
    ],
    "KEB": [
      38.99093990667434,
      -76.93801498693024
    ],
    "ATL": [
      38.99102499306668,
      -76.94247514718856
    ],
    "WDS": [
      38.98519833216152,
      -76.94187433873351
    ],
    "CBD": [
      38.99222821081512,
      -76.94399864108642
    ],
    "MCB": [
      38.988113844283745,
      -76.943460705469
    ],
    "LPA": [
      38.992445424398554,
      -76.94591545770722
    ],
    "EDU": [
      38.98662700313081,
      -76.94738649269304
    ],
    "SOM": [
      38.98501823654898,
      -76.94554545286306
    ],
    "PHY": [
      38.98866662991224,
      -76.94005502652851
    ],
    "TWS": [
      38.986009260302446,
      -76.94815242734462
    ],
    "SYM": [
      38.98710810976639,
      -76.94083575908802
    ],
    "PAC": [
      38.99058296935232,
      -76.95036304437875
    ],
    "CHE": [
      38.99067411195718,
      -76.9392121209446
    ],
    "MTH": [
      38.98861108798364,
      -76.93922572228986
    ],
    "BPS": [
      38.98889828107537,
      -76.94254985808634
    ],
    "GLF": [
      38.99080170233461,
      -76.95501146416895
    ],
    "ASY": [
      38.9852562082691,
      -76.94762842798166
    ],
    "CEN": [
      38.99223873256572,
      -76.94211262890042
    ],
    "ESJ": [
      38.98696804774702,
      -76.94179553698305
    ],
    "SPH": [
      38.99341108704359,
      -76.94321569546942
    ],
    "CHM": [
      38.989565346187625,
      -76.93983731450903
    ],
    "IRB": [
      38.98941385271651,
      -76.93616382431888
    ],
    "SHM": [
      38.98394704631046,
      -76.94277036142645
    ],
    "KNI": [
      38.986860474017284,
      -76.94855159057389
    ],
    "GVC": [
      39.0042556371927,
      -76.94169809675005
    ],
    "SQH": [
      38.982120957040436,
      -76.94374051559417
    ],
    "ARC": [
      38.984336349718184,
      -76.94762359201161
    ],
    "ANS": [
      38.99163230536672,
      -76.93963794695097
    ],
    "PBR": [
      39.00701331322471,
      -76.94115745714146
    ],
    "EGL": [
      38.989326182868304,
      -76.93791882232388
    ],
    "AJC": [
      38.99196465377881,
      -76.93771527981427
    ],
    "HJP": [
      38.98695483562406,
      -76.94351753982649
    ],
    "SKN": [
      38.98486763853032,
      -76.941843270108
    ],
    "STM": [
      38.98699198318593,
      -76.94561927945716
    ],
    "BSB": [
      38.99288561368921,
      -76.93778050443136
    ],
    "TYD": [
      38.984874777303865,
      -76.94405624628335
    ],
    "ELL": [
      38.9918086181519,
      -76.94670738672744
    ],
    "IPT": [
      38.99096062795321,
      -76.94098955628205
    ],
    "CCC": [
      38.992209745406804,
      -76.9430056419124
    ],
    "TLF": [
      38.98482283741524,
      -76.94310127732467
    ],
    "ARM": [
      38.986053978805394,
      -76.93900186987243
    ],
    "MCK": [
      38.985986928703916,
      -76.9451391685001
    ],
    "KEY": [
      38.98509830889173,
      -76.94304077271472
    ],
    "BRB": [
      38.98900071202409,
      -76.94299275565315
    ],
    "LEF": [
      38.98365042000283,
      -76.94382366683328
    ],
    "PLS": [
      38.98871320687289,
      -76.94152574316985
    ],
    "MMH": [
      38.98501227548689,
      -76.94079407925217
    ],
    "GEO": [
      38.98817543232856,
      -76.94093507965935
    ],
    "VMH": [
      38.98312971945724,
      -76.94738887607504
    ],
    "AVW": [
      38.99061300743438,
      -76.93648779193784
    ],
    "DOR": [
      38.98677735819495,
      -76.94615677861347
    ],
    "ERC": [
      38.99354305129165,
      -76.94516962792396
    ],
    "QAN": [
      38.98522197017305,
      -76.94618362805382
    ],
    "PKT": [
      38.984466685580685,
      -76.94627901721968
    ],
    "JMP": [
      38.99049605943827,
      -76.94020979476176
    ],
    "CSI": [
      38.99000566790424,
      -76.93614088793278
    ],
    "NCC": [
      38.98816868354965,
      -76.94392375511042
    ],
    "RGC": [
      38.99729596907153,
      -76.94297307282709
    ],
    "LCC": [
      38.983377576565985,
      -76.93354137926032
    ],
    "JUL": [
      38.99088468105425,
      -76.94359399273422
    ],
    "SSU": [
      38.98810932233685,
      -76.94474224566974
    ]
  }